<?xml version='1.0' encoding='utf8'?>
<contacts><contact age="43"><name><first>John</first><last>Smith</last></name><email>jsbrony@yahoo.com</email></contact><contact age="36"><name><first>Sally</first><last>Edwards</last></name><email>steclone@yahoo.com</email></contact><contact age="32"><name><first>Ellen</first><last>James</last></name><email>jamestel@google.com</email></contact><contact age="29"><name><first>Keith</first><last>Cramer</last></name><email>kcramer@sintech.com</email></contact></contacts>